Hora de inicio,Correo Electrónico del anfitrión
04/12/2025 08:00 AM,isamaula01@gmail.com
04/12/2025 09:00 AM,isamaula02@gmail.com
04/12/2025 10:00 AM,isamaula01@gmail.com
04/12/2025 14:00 PM,isamaula03@gmail.com
04/12/2025 18:00 PM,isamaula04@gmail.com
05/12/2025 08:00 AM,isamaula01@gmail.com
05/12/2025 09:00 AM,isamaula05@gmail.com
05/12/2025 15:00 PM,isamaula06@gmail.com
05/12/2025 19:00 PM,isamaula10@gmail.com
06/12/2025 08:00 AM,isamaula11@gmail.com
06/12/2025 10:00 AM,isamaula12@gmail.com
06/12/2025 14:00 PM,isamaula14@gmail.com
06/12/2025 18:00 PM,isamaula18@gmail.com
